Workbook

Sheet Evaluation Form
A1: HUMAN EVALUATION — ONLINE PROTOTYPE
A3: 100-Participant Structured Evaluation | 5-Point Likert Scale
A5: PARTICIPANT | B5: CORE EVALUATION FACTORS | J5: OVERALL ASSESSMENT | L5: OPTIONAL PARTICIPANT-ADDED FACTORS | P5: ADDITIONAL FEEDBACK
A6: P.ID | B6: Prediction Accuracy | C6: Output Clarity | D6: Ease of Use | E6: Usefulness | F6: Confidence | G6: Responsiveness | H6: Satisfaction | I6: Core Average | J6: Overall Rating | K6: Open Comments | L6: Additional Factor 1 | M6: Rating 1 | N6: Additional Factor 2 | O6: Rating 2 | P6: Additional Comments
A7: P001 | I7: =IF(COUNT(B7:H7)=0,"",ROUND(AVERAGE(B7:H7),2))
A8: P002 | I8: =IF(COUNT(B8:H8)=0,"",ROUND(AVERAGE(B8:H8),2))
A9: P003 | I9: =IF(COUNT(B9:H9)=0,"",ROUND(AVERAGE(B9:H9),2))
A10: P004 | I10: =IF(COUNT(B10:H10)=0,"",ROUND(AVERAGE(B10:H10),2))
A11: P005 | I11: =IF(COUNT(B11:H11)=0,"",ROUND(AVERAGE(B11:H11),2))
A12: P006 | I12: =IF(COUNT(B12:H12)=0,"",ROUND(AVERAGE(B12:H12),2))
A13: P007 | I13: =IF(COUNT(B13:H13)=0,"",ROUND(AVERAGE(B13:H13),2))
A14: P008 | I14: =IF(COUNT(B14:H14)=0,"",ROUND(AVERAGE(B14:H14),2))
A15: P009 | I15: =IF(COUNT(B15:H15)=0,"",ROUND(AVERAGE(B15:H15),2))
A16: P010 | I16: =IF(COUNT(B16:H16)=0,"",ROUND(AVERAGE(B16:H16),2))
A17: P011 | I17: =IF(COUNT(B17:H17)=0,"",ROUND(AVERAGE(B17:H17),2))
A18: P012 | I18: =IF(COUNT(B18:H18)=0,"",ROUND(AVERAGE(B18:H18),2))
... A106: P100 | I106: =IF(COUNT(B106:H106)=0,"",ROUND(AVERAGE(B106:H106),2))

Sheet How to Use
A1: HOW TO COMPLETE THE HUMAN EVALUATION
A4: STEP 1 | B4: Select the participant ID already provided (P001–P100).
A5: STEP 2 | B5: For each core factor, enter a rating from 1 to 5.
A6: STEP 3 | B6: Use the Overall Rating column for the participant's overall assessment.
A7: STEP 4 | B7: Record the participant's qualitative feedback in Open Comments.
A8: STEP 5 | B8: If a participant identifies another relevant evaluation factor, use Additional Factor 1/2 and the corresponding rating.
A9: SCALE | B9: 1 = Strongly Disagree | 2 = Disagree | 3 = Neutral | 4 = Agree | 5 = Strongly Agree
A10: NOTE | B10: Core Average is calculated automatically from the seven predefined factors.

Sheet Dashboard
A1: EVALUATION DASHBOARD
A4: TOTAL PARTICIPANTS | C4: COMPLETED | E4: OVERALL AVERAGE | G4: COMMENTS
A5: =COUNTA('Evaluation Form'!A7:A106) | C5: =COUNT('Evaluation Form'!J7:J106) | E5: =IFERROR(ROUND(AVERAGE('Evaluation Form'!J7:J106),2),"") | G5: =COUNTIF('Evaluation Form'!K7:K106,"<>")
A9: CORE FACTOR | B9: AVERAGE | C9: RESPONSES
A10: Prediction Accuracy | B10: =IFERROR(ROUND(AVERAGE('Evaluation Form'!B7:B106),2),"") | C10: =COUNT('Evaluation Form'!B7:B106)
A11: Output Clarity | B11: =IFERROR(ROUND(AVERAGE('Evaluation Form'!C7:C106),2),"") | C11: =COUNT('Evaluation Form'!C7:C106)
A12: Ease of Use | B12: =IFERROR(ROUND(AVERAGE('Evaluation Form'!D7:D106),2),"") | C12: =COUNT('Evaluation Form'!D7:D106)
A13: Usefulness | B13: =IFERROR(ROUND(AVERAGE('Evaluation Form'!E7:E106),2),"") | C13: =COUNT('Evaluation Form'!E7:E106)
A14: Confidence | B14: =IFERROR(ROUND(AVERAGE('Evaluation Form'!F7:F106),2),"") | C14: =COUNT('Evaluation Form'!F7:F106)
A15: Responsiveness | B15: =IFERROR(ROUND(AVERAGE('Evaluation Form'!G7:G106),2),"") | C15: =COUNT('Evaluation Form'!G7:G106)
A16: Satisfaction | B16: =IFERROR(ROUND(AVERAGE('Evaluation Form'!H7:H106),2),"") | C16: =COUNT('Evaluation Form'!H7:H106)

Sheet Rating Scale
A1: 5-POINT LIKERT SCALE
A4: Rating | B4: Meaning | C4: Interpretation
A5: 1 | B5: Strongly Disagree | C5: Very low agreement
A6: 2 | B6: Disagree | C6: Low agreement
A7: 3 | B7: Neutral | C7: Neither agree nor disagree
A8: 4 | B8: Agree | C8: High agreement
A9: 5 | B9: Strongly Agree | C9: Very high agreement
